L_thalweg_m,L_straight_m,Sinuosity,Dz_m,Gradient_mean,Gradient_max
14254.367354939492,12010.635493890957,1.1868120851881465,376.0796,0.026383106,0.14967689